{"loss": 0.015185852535068989, "eps": 0.9849001558097522, "avg_reward": NaN, "_step": 15216, "_runtime": 202, "_timestamp": 1605291005}