{"loss": 7.837188604753464e-05, "eps": 0.909237404735956, "avg_reward": NaN, "_step": 95150, "_runtime": 553, "_timestamp": 1605291356, "test_reward": 2.0, "test_video": {"_type": "video-file", "path": "media/videos/test_video_76535_8cf25c58.mp4", "sha256": "8cf25c5875365dead4ec199a45090077615b53b239ab65beb7eaf527a291f9f9", "size": 36708, "width": 160, "height": 210, "caption": "2.0"}}