{"loss": 0.0031789171043783426, "eps": 0.7336250918616877, "avg_reward": NaN, "_step": 309758, "_runtime": 1333, "_timestamp": 1605452298, "test_reward": 0.0, "test_video": {"_type": "video-file", "path": "media/videos/test_video_306188_073f9b10.mp4", "sha256": "073f9b10a0cc2e20233694b08ce127bf932a1e83062069be59d202c36c241780", "size": 32191, "width": 160, "height": 210, "caption": "0.0"}}