{"loss": 0.00016711856005713344, "eps": 0.9916371605313178, "avg_reward": NaN, "_step": 8399, "_runtime": 38, "_timestamp": 1605374177}