{"loss": 4.6610875870101154e-05, "eps": 0.8686238768000221, "avg_reward": NaN, "_step": 140846, "_runtime": 600, "_timestamp": 1605455856, "test_reward": 1.0, "test_video": {"_type": "video-file", "path": "media/videos/test_video_127569_1450d75e.mp4", "sha256": "1450d75ef247986f6fcc74c328d3f65d6385a368dc665323347aa0bc81b6d3a2", "size": 34914, "width": 160, "height": 210, "caption": "1.0"}}