{"loss": 3.416441904846579e-05, "eps": 0.9162041721726111, "avg_reward": NaN, "_step": 87517, "_runtime": 374, "_timestamp": 1605456238, "test_reward": 0.0, "test_video": {"_type": "video-file", "path": "media/videos/test_video_76535_9bf2a714.mp4", "sha256": "9bf2a714c4b640bfe17b523bfd9bdd11d7d253241f28c0c02dc1dcf06107b18b", "size": 33342, "width": 160, "height": 210, "caption": "0.0"}}