{"loss": 4.1756621271815675e-08, "eps": 0.6139141116264092, "avg_reward": NaN, "_step": 487901, "_runtime": 2204, "_timestamp": 1605450947, "test_reward": 0.0, "test_video": {"_type": "video-file", "path": "media/videos/test_video_484807_a8addac6.mp4", "sha256": "a8addac612dcf336604fe7628fd10078e0dab94557baba3a48ec70f064909e52", "size": 33111, "width": 160, "height": 210, "caption": "0.0"}}