{"loss": 0.031184405088424683, "eps": 0.983394410007719, "avg_reward": 1.0, "_step": 16746, "_runtime": 334, "_timestamp": 1605293362}