{"loss": 3.1123786357056815e-06, "eps": 0.7519848191566204, "avg_reward": NaN, "_step": 285040, "_runtime": 2085, "_timestamp": 1605293755, "test_reward": 0.0, "test_video": {"_type": "video-file", "path": "media/videos/test_video_280671_e1974a25.mp4", "sha256": "e1974a256d007385541eb99174871dc94e805f03503f4af435d2f99d1361c4c0", "size": 32782, "width": 160, "height": 210, "caption": "0.0"}}