{"loss": 6.722084799548611e-05, "eps": 0.877782827368243, "avg_reward": NaN, "_step": 130357, "_runtime": 532, "_timestamp": 1605456779, "test_reward": 4.0, "test_video": {"_type": "video-file", "path": "media/videos/test_video_127569_141d3651.mp4", "sha256": "141d365147333360377857171a71b47665357e4922aba2eebeabc7b1526e9ac0", "size": 19219, "width": 160, "height": 210, "caption": "4.0"}}