{"loss": 9.798174141906202e-05, "eps": 0.7676785929445051, "avg_reward": NaN, "_step": 264385, "_runtime": 1395, "_timestamp": 1605459149, "test_reward": 0.0, "test_video": {"_type": "video-file", "path": "media/videos/test_video_255154_5dd16e4b.mp4", "sha256": "5dd16e4bae8fcb06ecec25c167532c2736ffb7737c4283ab01f700e0f31ecab2", "size": 8055, "width": 160, "height": 210, "caption": "0.0"}}