{"loss": 3.433896927163005e-05, "eps": 0.7913712197032765, "avg_reward": NaN, "_step": 233989, "_runtime": 1239, "_timestamp": 1605458993, "test_reward": 11.0, "test_video": {"_type": "video-file", "path": "media/videos/test_video_229637_031f1908.mp4", "sha256": "031f1908dd52c123da96bb31345c364eb79564c5d53718f23050f6fac4e77a05", "size": 21706, "width": 160, "height": 210, "caption": "11.0"}}