{"loss": 1.9497594621498138e-05, "eps": 0.8211519573524074, "avg_reward": NaN, "_step": 197048, "_runtime": 1045, "_timestamp": 1605458799, "test_reward": 13.0, "test_video": {"_type": "video-file", "path": "media/videos/test_video_178603_ed463602.mp4", "sha256": "ed463602967ef5087c7239b9e88eeac602a92d71d21c1f054b05dd37d79f446d", "size": 28085, "width": 160, "height": 210, "caption": "13.0"}}