{"loss": 3.878861676298584e-09, "eps": 0.538544413501646, "avg_reward": NaN, "_step": 618886, "_runtime": 2884, "_timestamp": 1605455246, "test_reward": 0.0, "test_video": {"_type": "video-file", "path": "media/videos/test_video_612392_a8addac6.mp4", "sha256": "a8addac612dcf336604fe7628fd10078e0dab94557baba3a48ec70f064909e52", "size": 33111, "width": 160, "height": 210, "caption": "0.0"}}