{"loss": 4.2017481973744e-06, "eps": 0.8973062546478355, "avg_reward": NaN, "_step": 108359, "_runtime": 532, "_timestamp": 1604241537, "test_reward": 0.0, "test_video": {"_type": "video-file", "path": "media/videos/test_video_102086_838c461d.mp4", "sha256": "838c461d0dd51800dd7fadf1e5888a2ce9060f859c1a88838e16e427d360b129", "size": 32255, "width": 160, "height": 210, "caption": "0.0"}}