{"loss": 0.013191006146371365, "eps": 0.9748223665360327, "avg_reward": NaN, "_step": 25501, "_runtime": 725, "_timestamp": 1605288948}