{"loss": 1.7194370229844935e-05, "eps": 0.9335460055220087, "avg_reward": NaN, "_step": 68766, "_runtime": 2352, "_timestamp": 1605375208, "test_reward": 0.0}